Residue1-Residue2,Type1-Type2,A1-A6 (I-2),A1-A7 (I-3),A1-A2 (I-5),A1-A12 (I-5)
ALA81-ASN86,H-P,,,A1-A2,
VAL84-VAL84,H-H,,,A2-A1,
VAL84-LEU199,H-H,,,A2-A1,
VAL84-ARG267,H-B,,,A2-A1,
GLY85-ARG267,H-B,,,A2-A1,
ASN86-ALA81,P-H,,,A2-A1,
ASN86-ASN270,P-P,,,A2-A1,
SER87-THR202,P-P,,,A2-A1,
SER87-MET265,P-H,,,A2-A1,
SER87-ARG267,P-B,,,A2-A1,
SER88-ARG267,P-B,,,A2-A1,
ASN90-GLN264,P-P,,,A2-A1,
ASN90-MET265,P-H,,,A2-A1,
TRP91-GLN204,H-P,,,A2-A1,
TRP91-GLU259,H-A,,,A2-A1,
TRP91-SER263,H-P,,,A2-A1,
TRP91-MET265,H-H,,,A2-A1,
CYS93-TYR260,H-P,,,A2-A1,
ASP94-TYR260,A-P,,,A2-A1,
ASP94-PRO262,A-H,,,A2-A1,
ASP94-LYS555,A-B,A1-A6,,,
SER95-TYR260,P-P,,,A2-A1,
THR109-THR514,P-P,,,A2-A1,
THR109-PRO515,P-H,,,A2-A1,
ALA111-PRO517,H-H,,,A2-A1,
ALA111-PRO520,H-H,,,A2-A1,
ALA111-PHE529,H-H,,,A2-A1,
PRO113-PRO520,H-H,,,A2-A1,
TYR115-PHE524,P-H,,,A2-A1,
LEU119-GLY581,H-H,,,A1-A2,
TYR120-PHE228,P-H,,,A1-A2,
TYR120-ALA230,P-H,,,A1-A2,
TYR120-VAL577,P-H,,,A1-A2,
LYS121-GLY581,B-H,,,A1-A2,
GLN122-ASN572,P-P,,,A1-A2,
GLN122-THR579,P-P,,,A1-A2,
ILE123-PRO299,H-H,,A7-A1,,
SER130-ARG334,P-B,,A7-A1,,
ASP132-ARG334,A-B,,A7-A1,,
ASN133-ILE333,P-H,,A7-A1,,
ASN133-ARG334,P-B,,A7-A1,,
TYR135-ARG295,P-B,,A7-A1,,
TYR135-PRO299,P-H,,A7-A1,,
TYR135-ALA330,P-H,,A7-A1,,
TYR135-ILE333,P-H,,A7-A1,,
PHE136-VAL573,H-H,,,A1-A2,
TYR138-VAL573,P-H,,,A1-A2,
TYR138-THR576,P-P,,,A1-A2,
TYR138-VAL577,P-H,,,A1-A2,
SER139-LEU300,P-H,,A7-A1,,
TYR144-ASN298,P-P,,A7-A1,,
TYR144-ILE301,P-H,,A7-A1,,
ARG149-TYR304,B-P,,A7-A1,,
SER155-TYR260,P-P,,,A2-A1,
SER155-TRP557,P-H,A1-A6,,,
PRO156-TRP557,H-H,A1-A6,,,
PRO156-PRO559,H-H,A1-A6,,,
ARG157-GLU552,B-A,A1-A6,,,
ARG157-ARG556,B-B,A1-A6,,,
ARG157-PRO559,B-H,A1-A6,,,
ARG157-GLU560,B-A,A1-A6,,,
ASP158-TYR260,A-P,,,A2-A1,
GLN160-PRO559,P-H,A1-A6,,,
GLN160-GLN562,P-P,A1-A6,,,
ARG161-GLU552,B-A,A1-A6,,,
ASN164-GLN562,P-P,A1-A6,,,
ASN165-ASN165,P-P,A6-A1,,,
PHE179-MET265,H-H,,,A2-A1,
ASN180-THR202,P-P,,,A2-A1,
ASN180-MET265,P-H,,,A2-A1,
ASN180-ARG267,P-B,,,A2-A1,
GLN182-THR200,P-P,,,A2-A1,
GLN182-SER201,P-P,,,A2-A1,
GLN182-ARG267,P-B,,,A2-A1,
LYS184-ASN198,B-P,,,A2-A1,
LYS184-ILE533,B-H,,,A2-A1,
VAL186-ASN519,H-P,,,A2-A1,
ASN189-THR192,P-P,,,A1-A2,
ASN189-THR194,P-P,,,A1-A2,
THR192-ASN189,P-P,,,A2-A1,
THR194-ASN189,P-P,,,A2-A1,
ILE195-ALA518,H-H,,,A2-A1,
ILE195-ASN519,H-P,,,A2-A1,
ILE195-ILE533,H-H,,,A2-A1,
ASN197-ASN198,P-P,,,A2-A1,
ASN197-THR200,P-P,,,A2-A1,
ASN198-LYS184,P-B,,,A1-A2,
ASN198-ASN197,P-P,,,A1-A2,
LEU199-VAL84,H-H,,,A1-A2,
THR200-GLN182,P-P,,,A1-A2,
THR200-ASN197,P-P,,,A1-A2,
THR200-THR268,P-P,,,A1-A2,
SER201-GLN182,P-P,,,A1-A2,
THR202-SER87,P-P,,,A1-A2,
THR202-ASN180,P-P,,,A1-A2,
GLN204-TRP91,P-H,,,A1-A2,
GLU210-ASN553,A-P,,A7-A1,,
GLN212-ASN553,P-P,,A7-A1,,
GLN212-LYS555,P-B,,A7-A1,,
PRO214-GLN291,H-P,,A7-A1,,
PRO214-ASN597,H-P,,A7-A1,,
VAL216-ASN298,H-P,,A7-A1,,
SER219-MET297,P-H,,A7-A1,,
ALA220-GLN303,H-P,,A7-A1,,
ALA220-TYR304,H-P,,A7-A1,,
ALA220-LEU305,H-H,,A7-A1,,
HSD221-MET297,B-H,,A7-A1,,
HSD221-ASN298,B-P,,A7-A1,,
HSD221-ILE301,B-H,,A7-A1,,
HSD221-GLN303,B-P,,A7-A1,,
HSD221-GLN336,B-P,,A7-A1,,
GLN222-ILE301,P-H,,A7-A1,,
GLN222-ASP302,P-A,,A7-A1,,
GLN222-TYR304,P-P,,A7-A1,,
GLN222-GLN327,P-P,,A7-A1,,
GLN222-ALA526,P-H,,,A2-A1,
GLY223-PHE524,H-H,,,A2-A1,
CYS224-TYR304,H-P,,A7-A1,,
PHE228-TYR120,H-P,,,A2-A1,
PHE228-PHE255,H-H,,,A2-A1,
PHE228-CYS257,H-H,,,A2-A1,
PHE228-GLU259,H-A,,,A2-A1,
PHE228-TRP557,H-H,A1-A6,,,
PRO229-CYS257,H-H,,,A2-A1,
PRO229-GLU259,H-A,,,A2-A1,
PRO229-TYR260,H-P,,,A2-A1,
PRO229-TRP557,H-H,A1-A6,,,
ALA230-TYR120,H-P,,,A2-A1,
ALA230-GLU259,H-A,,,A2-A1,
ASP231-LYS528,A-B,,,A2-A1,
VAL232-PRO515,H-H,,,A2-A1,
VAL232-PRO517,H-H,,,A2-A1,
VAL232-PHE529,H-H,,,A2-A1,
VAL232-PHE532,H-H,,,A2-A1,
MET234-PRO520,H-H,,,A2-A1,
MET234-PHE524,H-H,,,A2-A1,
MET234-SER525,H-P,,,A2-A1,
MET234-PHE529,H-H,,,A2-A1,
PRO236-ILE301,H-H,,A7-A1,,
PRO236-PHE524,H-H,,,A2-A1,
GLN237-LEU300,P-H,,A7-A1,,
TYR238-ASN298,P-P,,A7-A1,,
GLY239-ASN298,H-P,,A7-A1,,
GLY239-PRO299,H-H,,A7-A1,,
GLY239-LEU300,H-H,,A7-A1,,
LEU241-ARG295,H-B,,A7-A1,,
LEU241-MET297,H-H,,A7-A1,,
LEU241-PRO299,H-H,,A7-A1,,
THR242-SER290,P-P,,A7-A1,,
LEU243-SER290,H-P,,A7-A1,,
ASN244-ARG295,P-B,,A7-A1,,
ASN245-ASP391,P-A,,A7-A1,,
ASN245-ASP392,P-A,,A7-A1,,
ASN245-LYS569,P-B,,,A1-A2,
GLN248-LYS569,P-B,,,A1-A2,
GLN248-SER570,P-P,,,A1-A2,
GLN248-VAL571,P-H,,,A1-A2,
ALA249-VAL573,H-H,,,A1-A2,
VAL250-TYR567,H-P,,,A1-A2,
ARG252-ALA288,B-H,,A7-A1,,
ARG252-GLU427,B-A,,A7-A1,,
ARG252-ARG429,B-B,,A7-A1,,
ARG252-ILE561,B-H,,A7-A1,,
ARG252-TYR567,B-P,,,A1-A2,
SER253-VAL573,P-H,,,A1-A2,
SER254-SER290,P-P,,A7-A1,,
SER254-ARG556,P-B,,A7-A1,,
SER254-ASN558,P-P,,A7-A1,,
SER254-THR595,P-P,,A7-A1,,
PHE255-PHE228,H-H,,,A1-A2,
PHE255-TRP557,H-H,,A7-A1,,
PHE255-ASN558,H-P,,A7-A1,,
PHE255-THR576,H-P,,,A1-A2,
PHE255-VAL577,H-H,,,A1-A2,
TYR256-SER290,P-P,,A7-A1,,
TYR256-SER554,P-P,,A7-A1,,
TYR256-ARG556,P-B,,A7-A1,,
TYR256-ASN597,P-P,,A7-A1,,
CYS257-PHE228,H-H,,,A1-A2,
CYS257-PRO229,H-H,,,A1-A2,
CYS257-TRP557,H-H,,A7-A1,,
GLU259-TRP91,A-H,,,A1-A2,
GLU259-PHE228,A-H,,,A1-A2,
GLU259-PRO229,A-H,,,A1-A2,
GLU259-ALA230,A-H,,,A1-A2,
TYR260-CYS93,P-H,,,A1-A2,
TYR260-ASP94,P-A,,,A1-A2,
TYR260-SER95,P-P,,,A1-A2,
TYR260-SER155,P-P,,,A1-A2,
TYR260-ASP158,P-A,,,A1-A2,
TYR260-PRO229,P-H,,,A1-A2,
TYR260-LYS555,P-B,,A7-A1,,
TYR260-TRP557,P-H,,A7-A1,,
PHE261-LYS555,H-B,,A7-A1,,
PRO262-ASP94,H-A,,,A1-A2,
SER263-TRP91,P-H,,,A1-A2,
GLN264-ASN90,P-P,,,A1-A2,
MET265-SER87,H-P,,,A1-A2,
MET265-ASN90,H-P,,,A1-A2,
MET265-TRP91,H-H,,,A1-A2,
MET265-PHE179,H-H,,,A1-A2,
MET265-ASN180,H-P,,,A1-A2,
MET265-GLN540,H-P,,,A1-A2,
ARG267-VAL84,B-H,,,A1-A2,
ARG267-GLY85,B-H,,,A1-A2,
ARG267-SER87,B-P,,,A1-A2,
ARG267-SER88,B-P,,,A1-A2,
ARG267-ASN180,B-P,,,A1-A2,
ARG267-GLN182,B-P,,,A1-A2,
ARG267-THR268,B-P,,,A1-A2,
THR268-THR200,P-P,,,A2-A1,
THR268-ARG267,P-B,,,A2-A1,
ASN270-ASN86,P-P,,,A1-A2,
SER285-ASP488,P-A,,A1-A7,,
TYR287-HSD486,P-B,,A1-A7,,
ALA288-ARG252,H-B,,A1-A7,,
HSD289-THR487,B-P,,A1-A7,,
SER290-THR242,P-P,,A1-A7,,
SER290-LEU243,P-H,,A1-A7,,
SER290-SER254,P-P,,A1-A7,,
SER290-TYR256,P-P,,A1-A7,,
GLN291-PRO214,P-H,,A1-A7,,
LEU293-TYR371,H-P,,A1-A7,,
LEU293-LEU373,H-H,,A1-A7,,
ASP294-TYR371,A-P,,A1-A7,,
ASP294-LEU373,A-H,,A1-A7,,
ASP294-ARG376,A-B,,A1-A7,,
ASP294-SER378,A-P,,A1-A7,,
ARG295-TYR135,B-P,,A1-A7,,
ARG295-LEU241,B-H,,A1-A7,,
ARG295-ASN244,B-P,,A1-A7,,
ARG295-ARG376,B-B,,A1-A7,,
ARG295-SER378,B-P,,A1-A7,,
MET297-SER219,H-P,,A1-A7,,
MET297-HSD221,H-B,,A1-A7,,
MET297-LEU241,H-H,,A1-A7,,
ASN298-TYR144,P-P,,A1-A7,,
ASN298-VAL216,P-H,,A1-A7,,
ASN298-HSD221,P-B,,A1-A7,,
ASN298-TYR238,P-P,,A1-A7,,
ASN298-GLY239,P-H,,A1-A7,,
PRO299-ILE123,H-H,,A1-A7,,
PRO299-TYR135,H-P,,A1-A7,,
PRO299-GLY239,H-H,,A1-A7,,
PRO299-LEU241,H-H,,A1-A7,,
LEU300-SER139,H-P,,A1-A7,,
LEU300-GLN237,H-P,,A1-A7,,
LEU300-GLY239,H-H,,A1-A7,,
ILE301-TYR144,H-P,,A1-A7,,
ILE301-HSD221,H-B,,A1-A7,,
ILE301-GLN222,H-P,,A1-A7,,
ILE301-PRO236,H-H,,A1-A7,,
ILE301-PHE524,H-H,,,,A12-A1
ASP302-GLN222,A-P,,A1-A7,,
ASP302-LYS412,A-B,,A1-A7,,
GLN303-ALA220,P-H,,A1-A7,,
GLN303-HSD221,P-B,,A1-A7,,
TYR304-ARG149,P-B,,A1-A7,,
TYR304-ALA220,P-H,,A1-A7,,
TYR304-GLN222,P-P,,A1-A7,,
TYR304-CYS224,P-H,,A1-A7,,
TYR304-PHE405,P-H,,A1-A7,,
TYR304-PRO479,P-H,,A1-A7,,
LEU305-ALA220,H-H,,A1-A7,,
LEU305-LEU403,H-H,,A1-A7,,
LEU305-PHE405,H-H,,A1-A7,,
LEU305-MET497,H-H,,A1-A7,,
TYR306-ILE404,P-H,,A1-A7,,
TYR306-GLY406,P-H,,A1-A7,,
TYR306-SER410,P-P,,A1-A7,,
TYR306-VAL415,P-H,,A1-A7,,
TYR306-VAL420,P-H,,A1-A7,,
TYR307-LEU379,P-H,,A1-A7,,
LEU308-VAL351,H-H,,A1-A7,,
LEU308-SER364,H-P,,A1-A7,,
LEU308-GLN399,H-P,,A1-A7,,
SER309-ASN414,P-P,,A1-A7,,
ARG310-GLU362,B-A,,A1-A7,,
ARG310-ASN414,B-P,,A1-A7,,
THR311-GLU362,P-A,,A1-A7,,
THR311-TYR363,P-P,,A1-A7,,
THR311-SER364,P-P,,A1-A7,,
ASN312-ASN360,P-P,,A1-A7,,
ASN312-GLU362,P-A,,A1-A7,,
THR319-ASN360,P-P,,A1-A7,,
SER321-ASN358,P-P,,A1-A7,,
SER321-ASN360,P-P,,A1-A7,,
ARG322-ASP416,B-A,,A1-A7,,
LEU323-VAL351,H-H,,A1-A7,,
LEU323-ASN358,H-P,,A1-A7,,
LEU323-ILE417,H-H,,A1-A7,,
GLN324-ASN414,P-P,,A1-A7,,
GLN324-ASP416,P-A,,A1-A7,,
PHE325-ILE404,H-H,,A1-A7,,
PHE325-ILE417,H-H,,A1-A7,,
PHE325-VAL420,H-H,,A1-A7,,
PHE325-ILE422,H-H,,A1-A7,,
SER326-THR413,P-P,,A1-A7,,
SER326-ASN414,P-P,,A1-A7,,
GLN327-GLN222,P-P,,A1-A7,,
GLN327-LYS412,P-B,,A1-A7,,
GLY329-LYS412,H-B,,A1-A7,,
ALA330-TYR135,H-P,,A1-A7,,
ILE333-ASN133,H-P,,A1-A7,,
ILE333-TYR135,H-P,,A1-A7,,
ARG334-SER130,B-P,,A1-A7,,
ARG334-ASP132,B-A,,A1-A7,,
ARG334-ASN133,B-P,,A1-A7,,
ARG334-TRP365,B-H,,A1-A7,,
ASP335-TRP365,A-H,,A1-A7,,
ASP335-LEU379,A-H,,A1-A7,,
GLN336-HSD221,P-B,,A1-A7,,
SER337-ASN381,P-P,,A1-A7,,
SER337-PRO382,P-H,,A1-A7,,
SER337-MET497,P-H,,A1-A7,,
ARG338-TYR371,B-P,,A1-A7,,
ARG338-SER378,B-P,,A1-A7,,
ASN339-ALA482,P-H,,A1-A7,,
ASN339-PRO495,P-H,,A1-A7,,
ASN339-LEU496,P-H,,A1-A7,,
ASN339-MET497,P-H,,A1-A7,,
TRP340-ALA482,H-H,,A1-A7,,
TRP340-ILE484,H-H,,A1-A7,,
TRP340-PRO485,H-H,,A1-A7,,
TRP340-PRO493,H-H,,A1-A7,,
TRP340-PRO495,H-H,,A1-A7,,
TRP340-LEU496,H-H,,A1-A7,,
LEU341-TYR371,H-P,,A1-A7,,
LEU341-VAL380,H-H,,A1-A7,,
LEU341-PRO384,H-H,,A1-A7,,
LEU341-LEU496,H-H,,A1-A7,,
PRO342-TYR371,H-P,,A1-A7,,
PRO342-LEU373,H-H,,A1-A7,,
PRO344-LEU464,H-H,,A7-A1,,
PRO344-PRO465,H-H,,A7-A1,,
TYR346-TYR439,P-P,,A7-A1,,
TYR346-VAL442,P-H,,A7-A1,,
TYR346-VAL458,P-H,,A7-A1,,
TYR346-GLN461,P-P,,A7-A1,,
TYR346-LEU464,P-H,,A7-A1,,
ARG347-VAL442,B-H,,A7-A1,,
ARG347-SER443,B-P,,A7-A1,,
ARG347-THR444,B-P,,A7-A1,,
ARG347-LEU446,B-H,,A7-A1,,
GLN349-SER443,P-P,,A7-A1,,
GLN349-ASN445,P-P,,A7-A1,,
GLN349-LEU446,P-H,,A7-A1,,
GLN349-GLN447,P-P,,A7-A1,,
GLN349-ALA453,P-H,,A7-A1,,
ARG350-LEU446,B-H,,A7-A1,,
VAL351-LEU308,H-H,,A7-A1,,
VAL351-LEU323,H-H,,A7-A1,,
ASN358-SER321,P-P,,A7-A1,,
ASN358-LEU323,P-H,,A7-A1,,
ASN358-GLN447,P-P,,A7-A1,,
ASN359-GLN447,P-P,,A7-A1,,
ASN359-GLY449,P-H,,A7-A1,,
ASN359-GLN452,P-P,,A7-A1,,
ASN360-ASN312,P-P,,A7-A1,,
ASN360-THR319,P-P,,A7-A1,,
ASN360-SER321,P-P,,A7-A1,,
SER361-GLN452,P-P,,A7-A1,,
GLU362-ARG310,A-B,,A7-A1,,
GLU362-THR311,A-P,,A7-A1,,
GLU362-ASN312,A-P,,A7-A1,,
TYR363-THR311,P-P,,A7-A1,,
TYR363-GLN447,P-P,,A7-A1,,
TYR363-ALA453,P-H,,A7-A1,,
SER364-LEU308,P-H,,A7-A1,,
SER364-THR311,P-P,,A7-A1,,
TRP365-ARG334,H-B,,A7-A1,,
TRP365-ASP335,H-A,,A7-A1,,
GLY367-THR455,H-P,,A7-A1,,
THR369-VAL442,P-H,,A7-A1,,
LYS370-SER441,B-P,,A7-A1,,
TYR371-LEU293,P-H,,A7-A1,,
TYR371-ASP294,P-A,,A7-A1,,
TYR371-ARG338,P-B,,A7-A1,,
TYR371-LEU341,P-H,,A7-A1,,
TYR371-PRO342,P-H,,A7-A1,,
TYR371-TYR439,P-P,,A7-A1,,
HSD372-GLU437,B-A,,A7-A1,,
HSD372-GLN438,B-P,,A7-A1,,
LEU373-LEU293,H-H,,A7-A1,,
LEU373-ASP294,H-A,,A7-A1,,
LEU373-PRO342,H-H,,A7-A1,,
ASN374-ASP391,P-A,,A7-A1,,
ASN374-ARG429,P-B,,A7-A1,,
GLY375-LYS390,H-B,,A7-A1,,
ARG376-ASP294,B-A,,A7-A1,,
ARG376-ARG295,B-B,,A7-A1,,
SER378-ASP294,P-A,,A7-A1,,
SER378-ARG295,P-B,,A7-A1,,
SER378-ARG338,P-B,,A7-A1,,
LEU379-TYR307,H-P,,A7-A1,,
LEU379-ASP335,H-A,,A7-A1,,
VAL380-LEU341,H-H,,A7-A1,,
ASN381-SER337,P-P,,A7-A1,,
PRO382-SER337,H-P,,A7-A1,,
PRO384-LEU341,H-H,,A7-A1,,
PRO384-LEU464,H-H,,A7-A1,,
LYS390-GLY375,B-H,,A1-A7,,
ASP391-ASN245,A-P,,A1-A7,,
ASP391-ASN374,A-P,,A1-A7,,
ASP392-ASN245,A-P,,A1-A7,,
GLN399-LEU308,P-H,,A7-A1,,
LEU403-LEU305,H-H,,A7-A1,,
ILE404-TYR306,H-P,,A7-A1,,
ILE404-PHE325,H-H,,A7-A1,,
PHE405-TYR304,H-P,,A7-A1,,
PHE405-LEU305,H-H,,A7-A1,,
GLY406-TYR306,H-P,,A7-A1,,
SER410-TYR306,P-P,,A7-A1,,
LYS412-ASP302,B-A,,A7-A1,,
LYS412-GLN327,B-P,,A7-A1,,
LYS412-GLY329,B-H,,A7-A1,,
THR413-SER326,P-P,,A7-A1,,
ASN414-SER309,P-P,,A7-A1,,
ASN414-ARG310,P-B,,A7-A1,,
ASN414-GLN324,P-P,,A7-A1,,
ASN414-SER326,P-P,,A7-A1,,
VAL415-TYR306,H-P,,A7-A1,,
ASP416-ARG322,A-B,,A7-A1,,
ASP416-GLN324,A-P,,A7-A1,,
ILE417-LEU323,H-H,,A7-A1,,
ILE417-PHE325,H-H,,A7-A1,,
VAL420-TYR306,H-P,,A7-A1,,
VAL420-PHE325,H-H,,A7-A1,,
ILE422-PHE325,H-H,,A7-A1,,
GLU426-TYR567,A-P,A1-A6,,,
GLU427-ARG252,A-B,,A1-A7,,
ARG429-ARG252,B-B,,A1-A7,,
ARG429-ASN374,B-P,,A1-A7,,
THR431-THR487,P-P,,A1-A7,,
THR436-LEU446,P-H,,A7-A1,,
GLU437-HSD372,A-B,,A1-A7,,
GLU437-LEU446,A-H,,A7-A1,,
GLN438-HSD372,P-B,,A1-A7,,
TYR439-TYR346,P-P,,A1-A7,,
TYR439-TYR371,P-P,,A1-A7,,
SER441-LYS370,P-B,,A1-A7,,
VAL442-TYR346,H-P,,A1-A7,,
VAL442-ARG347,H-B,,A1-A7,,
VAL442-THR369,H-P,,A1-A7,,
VAL442-ASN459,H-P,,A1-A7,,
VAL442-THR460,H-P,,A1-A7,,
SER443-ARG347,P-B,,A1-A7,,
SER443-GLN349,P-P,,A1-A7,,
THR444-ARG347,P-B,,A1-A7,,
THR444-ASN459,P-P,,A1-A7,,
ASN445-GLN349,P-P,,A1-A7,,
LEU446-ARG347,H-B,,A1-A7,,
LEU446-GLN349,H-P,,A1-A7,,
LEU446-ARG350,H-B,,A1-A7,,
LEU446-THR436,H-P,,A1-A7,,
LEU446-GLU437,H-A,,A1-A7,,
GLN447-GLN349,P-P,,A1-A7,,
GLN447-ASN358,P-P,,A1-A7,,
GLN447-ASN359,P-P,,A1-A7,,
GLN447-TYR363,P-P,,A1-A7,,
GLY449-ASN359,H-P,,A1-A7,,
GLN452-ASN359,P-P,,A1-A7,,
GLN452-SER361,P-P,,A1-A7,,
ALA453-GLN349,H-P,,A1-A7,,
ALA453-TYR363,H-P,,A1-A7,,
THR455-GLY367,P-H,,A1-A7,,
VAL458-TYR346,H-P,,A1-A7,,
VAL458-THR460,H-P,,A1-A7,,
ASN459-VAL442,P-H,,A7-A1,,
ASN459-THR444,P-P,,A7-A1,,
THR460-VAL442,P-H,,A7-A1,,
THR460-VAL458,P-H,,A7-A1,,
THR460-GLN461,P-P,,A7-A1,,
GLN461-TYR346,P-P,,A1-A7,,
GLN461-THR460,P-P,,A1-A7,,
GLN461-GLY462,P-H,,A1-A7,,
GLY462-GLN461,H-P,,A7-A1,,
GLY462-GLY462,H-H,,A7-A1,,
GLY462-LEU464,H-H,,A7-A1,,
VAL463-VAL463,H-H,,A7-A1,,
VAL463-PRO465,H-H,,A7-A1,,
VAL463-PHE491,H-H,,A1-A7,,
LEU464-PRO344,H-H,,A1-A7,,
LEU464-TYR346,H-P,,A1-A7,,
LEU464-PRO384,H-H,,A1-A7,,
LEU464-GLY462,H-H,,A1-A7,,
PRO465-PRO344,H-H,,A1-A7,,
PRO465-VAL463,H-H,,A1-A7,,
PRO465-TRP469,H-H,,A1-A7,,
PRO465-PHE491,H-H,,A1-A7,,
PRO465-HSD492,H-B,,A1-A7,,
GLY466-LEU496,H-H,,A1-A7,,
VAL468-PRO485,H-H,,A1-A7,,
VAL468-THR487,H-P,,A1-A7,,
VAL468-HSD490,H-B,,A1-A7,,
TRP469-PRO465,H-H,,A7-A1,,
TRP469-THR487,H-P,,A1-A7,,
TRP469-GLY489,H-H,,A1-A7,,
GLN470-THR487,P-P,,A1-A7,,
GLN470-ASP488,P-A,,A1-A7,,
ASP471-ASP488,A-A,,A1-A7,,
PRO479-TYR304,H-P,,A7-A1,,
ALA482-ASN339,H-P,,A7-A1,,
ALA482-TRP340,H-H,,A7-A1,,
ILE484-TRP340,H-H,,A7-A1,,
PRO485-TRP340,H-H,,A7-A1,,
PRO485-VAL468,H-H,,A7-A1,,
PRO485-LEU598,H-H,,A7-A1,,
HSD486-TYR287,B-P,,A7-A1,,
HSD486-ARG596,B-B,,A7-A1,,
THR487-HSD289,P-B,,A7-A1,,
THR487-THR431,P-P,,A7-A1,,
THR487-VAL468,P-H,,A7-A1,,
THR487-TRP469,P-H,,A7-A1,,
THR487-GLN470,P-P,,A7-A1,,
ASP488-SER285,A-P,,A7-A1,,
ASP488-GLN470,A-P,,A7-A1,,
ASP488-ASP471,A-A,,A7-A1,,
ASP488-ARG592,A-B,,A7-A1,,
GLY489-TRP469,H-H,,A7-A1,,
GLY489-HSD492,H-B,,A7-A1,,
HSD490-VAL468,B-H,,A7-A1,,
PHE491-VAL463,H-H,,A7-A1,,
PHE491-PRO465,H-H,,A7-A1,,
PHE491-PHE491,H-H,,A7-A1,,
HSD492-PRO465,B-H,,A7-A1,,
HSD492-GLY489,B-H,,A1-A7,,
PRO493-TRP340,H-H,,A7-A1,,
PRO495-ASN339,H-P,,A7-A1,,
PRO495-TRP340,H-H,,A7-A1,,
LEU496-ASN339,H-P,,A7-A1,,
LEU496-TRP340,H-H,,A7-A1,,
LEU496-LEU341,H-H,,A7-A1,,
LEU496-GLY466,H-H,,A7-A1,,
MET497-LEU305,H-H,,A7-A1,,
MET497-SER337,H-P,,A7-A1,,
MET497-ASN339,H-P,,A7-A1,,
THR514-THR109,P-P,,,A1-A2,
THR514-GLN540,P-P,,,A1-A2,
PRO515-THR109,H-P,,,A1-A2,
PRO515-VAL232,H-H,,,A1-A2,
PRO517-ALA111,H-H,,,A1-A2,
PRO517-VAL232,H-H,,,A1-A2,
PRO517-THR538,H-P,,,A1-A2,
ALA518-ILE195,H-H,,,A1-A2,
ASN519-VAL186,P-H,,,A1-A2,
ASN519-ILE195,P-H,,,A1-A2,
ASN519-TYR536,P-P,,,A1-A2,
PRO520-ALA111,H-H,,,A1-A2,
PRO520-PRO113,H-H,,,A1-A2,
PRO520-MET234,H-H,,,A1-A2,
PRO520-TYR536,H-P,,,A1-A2,
PHE524-TYR115,H-P,,,A1-A2,
PHE524-GLY223,H-H,,,A1-A2,
PHE524-MET234,H-H,,,A1-A2,
PHE524-PRO236,H-H,,,A1-A2,
PHE524-ILE301,H-H,,,,A1-A12
SER525-MET234,P-H,,,A1-A2,
ALA526-GLN222,H-P,,,A1-A2,
LYS528-ASP231,B-A,,,A1-A2,
PHE529-ALA111,H-H,,,A1-A2,
PHE529-VAL232,H-H,,,A1-A2,
PHE529-MET234,H-H,,,A1-A2,
PHE532-VAL232,H-H,,,A1-A2,
ILE533-LYS184,H-B,,,A1-A2,
ILE533-ILE195,H-H,,,A1-A2,
TYR536-ASN519,P-P,,,A2-A1,
TYR536-PRO520,P-H,,,A2-A1,
THR538-PRO517,P-H,,,A2-A1,
GLN540-MET265,P-H,,,A2-A1,
GLN540-THR514,P-P,,,A2-A1,
GLU552-ARG157,A-B,A6-A1,,,
GLU552-ARG161,A-B,A6-A1,,,
ASN553-GLU210,P-A,,A1-A7,,
ASN553-GLN212,P-P,,A1-A7,,
SER554-TYR256,P-P,,A1-A7,,
LYS555-ASP94,B-A,A6-A1,,,
LYS555-GLN212,B-P,,A1-A7,,
LYS555-TYR260,B-P,,A1-A7,,
LYS555-PHE261,B-H,,A1-A7,,
ARG556-ARG157,B-B,A6-A1,,,
ARG556-SER254,B-P,,A1-A7,,
ARG556-TYR256,B-P,,A1-A7,,
TRP557-SER155,H-P,A6-A1,,,
TRP557-PRO156,H-H,A6-A1,,,
TRP557-PHE228,H-H,A6-A1,,,
TRP557-PRO229,H-H,A6-A1,,,
TRP557-PHE255,H-H,,A1-A7,,
TRP557-CYS257,H-H,,A1-A7,,
TRP557-TYR260,H-P,,A1-A7,,
TRP557-PHE575,H-H,A1-A6,,,
TRP557-TYR583,H-P,A1-A6,,,
ASN558-SER254,P-P,,A1-A7,,
ASN558-PHE255,P-H,,A1-A7,,
ASN558-VAL573,P-H,A1-A6,,,
ASN558-THR576,P-P,A1-A6,,,
PRO559-PRO156,H-H,A6-A1,,,
PRO559-ARG157,H-B,A6-A1,,,
PRO559-GLN160,H-P,A6-A1,,,
PRO559-TYR563,H-P,A1-A6,,,
PRO559-SER565,H-P,A1-A6,,,
PRO559-PHE575,H-H,A1-A6,,,
GLU560-ARG157,A-B,A6-A1,,,
ILE561-ARG252,H-B,,A1-A7,,
ILE561-THR564,H-P,A1-A6,,,
ILE561-SER565,H-P,A1-A6,,,
ILE561-TYR567,H-P,A1-A6,,,
GLN562-GLN160,P-P,A6-A1,,,
GLN562-ASN164,P-P,A6-A1,,,
GLN562-GLN562,P-P,A6-A1,,,
GLN562-THR564,P-P,A1-A6,,,
TYR563-PRO559,P-H,A6-A1,,,
THR564-ILE561,P-H,A6-A1,,,
THR564-GLN562,P-P,A6-A1,,,
THR564-THR564,P-P,A6-A1,,,
SER565-PRO559,P-H,A6-A1,,,
SER565-ILE561,P-H,A6-A1,,,
TYR567-VAL250,P-H,,,A2-A1,
TYR567-ARG252,P-B,,,A2-A1,
TYR567-GLU426,P-A,A6-A1,,,
TYR567-ILE561,P-H,A6-A1,,,
LYS569-ASN245,B-P,,,A2-A1,
LYS569-GLN248,B-P,,,A2-A1,
SER570-GLN248,P-P,,,A2-A1,
VAL571-GLN248,H-P,,,A2-A1,
ASN572-GLN122,P-P,,,A2-A1,
VAL573-PHE136,H-H,,,A2-A1,
VAL573-TYR138,H-P,,,A2-A1,
VAL573-ALA249,H-H,,,A2-A1,
VAL573-SER253,H-P,,,A2-A1,
VAL573-ASN558,H-P,A6-A1,,,
PHE575-TRP557,H-H,A6-A1,,,
PHE575-PRO559,H-H,A6-A1,,,
THR576-TYR138,P-P,,,A2-A1,
THR576-PHE255,P-H,,,A2-A1,
THR576-ASN558,P-P,A6-A1,,,
VAL577-TYR120,H-P,,,A2-A1,
VAL577-TYR138,H-P,,,A2-A1,
VAL577-PHE255,H-H,,,A2-A1,
THR579-GLN122,P-P,,,A2-A1,
GLY581-LEU119,H-H,,,A2-A1,
GLY581-LYS121,H-B,,,A2-A1,
TYR583-TRP557,P-H,A6-A1,,,
ARG592-ASP488,B-A,,A1-A7,,
THR595-SER254,P-P,,A1-A7,,
ARG596-HSD486,B-B,,A1-A7,,
ASN597-PRO214,P-H,,A1-A7,,
ASN597-TYR256,P-P,,A1-A7,,
LEU598-PRO485,H-H,,A1-A7,,
,Unique Residue Pairs:,55,205,93,1